{
    "Accuracy": 0.902365586238334,
    "Weighted_precision": 0.9151966484916909,
    "Weighted_recall": 0.902365586238334,
    "Weighted_F1": 0.9051646515755202
}